stratum,group_key,comparison_group_key,similarity,rationale,headline_count,source_count,sources,signal_family,event_type,primary_entity,first_reactable_session,titles,verdict,reviewer,reviewed_at,notes
multi_source,event-cluster-transparent-v1:4362,,0.6666666666666666,carried by more than one outlet,2,2,"haberturk_ekonomi,sozcu_gundem",monetary_policy,,TCMB,2026-07-24,TCMB'den Ödemeler Dengesi'nde revizyon || TCMB'den ödemeler dengesi verilerinde revizyon kararı,,,,
multi_source,event-cluster-transparent-v1:979,,1.0,carried by more than one outlet,2,2,"aa_ekonomi,dunya",market_recap,market_move,,2026-06-05,Borsa günü düşüşle tamamladı || Borsa günü düşüşle tamamladı,,,,
multi_source,event-cluster-transparent-v1:3131,,0.3,carried by more than one outlet,2,2,"bloomberght,cumhuriyet_ekonomi",monetary_policy,,TCMB,2026-07-06,Commerzbank'tan TCMB faiz yorumu || Alman devi Commerzbank'tan faiz uyarısı: TCMB'nin indirim alanı kalmadı,,,,
multi_source,event-cluster-transparent-v1:2846,,0.5,carried by more than one outlet,3,3,"bloomberght,haberturk_ekonomi,sabah_ekonomi",political_regulatory_risk,,BORSA_ISTANBUL,2026-06-30,Borsa İstanbul yeni veri merkezini yarın devreye alacak || Borsa İstanbul yeni veri merkezini yarın devreye alıyor || Borsa İstanbul yeni veri merkezini hizmete açıyor,,,,
multi_source,event-cluster-transparent-v1:3300,,0.75,carried by more than one outlet,2,2,"bloomberght,haberturk_ekonomi",inflation_macro,,DIS_TICARET,2026-07-08,İhracat ikliminde sınırlı iyileşme || İhracat ikliminde iyileşme,,,,
multi_source,event-cluster-transparent-v1:2089,,0.6666666666666666,carried by more than one outlet,4,2,"aa_ekonomi,sozcu_gundem",market_recap,,,2026-06-18,Borsa güne yükselişle başladı || Borsa güne yükselişle başladı || Borsa güne yükselişle başladı - 17 Haziran 2026 || Borsa güne yükselişle başladı - 18 Haziran 2026,,,,
multi_source,event-cluster-transparent-v1:4844,,1.0,carried by more than one outlet,2,2,"aa_ekonomi,sabah_ekonomi",market_recap,market_move,,2026-08-06,Borsa günü yükselişle tamamladı || Borsa günü yükselişle tamamladı,,,,
multi_source,event-cluster-transparent-v1:2628,,0.3333333333333333,carried by more than one outlet,3,2,"aa_ekonomi,sabah_ekonomi",monetary_policy,,HAZINE,2026-06-26,"Hazine ve Maliye Bakanlığı kira sertifikası ihracı için 6 finans kuruluşuna yetki verdi || Hazine'den 2,75 milyar dolarlık kira sertifikası ihracı || Hazine ve Maliye Bakanlığı 2,75 milyar dolar tutarında kira sertifikası ihracı gerçekleştirdi",,,,
multi_source,event-cluster-transparent-v1:2062,,0.6666666666666666,carried by more than one outlet,2,2,"bloomberght,haberturk_ekonomi",company_kap,,ASELS,2026-06-16,Aselsan ile SSB arasında 780 milyon euroluk sözleşme || ASELSAN ile SSB arasında 780 milyon Euro'luk sözleşme,,,,
multi_source,event-cluster-transparent-v1:2331,,0.6666666666666666,carried by more than one outlet,2,2,"aa_ekonomi,sozcu_gundem",market_recap,,,2026-06-19,Borsa güne düşüşle başladı || Borsa güne düşüşle başladı - 19 Haziran 2026,,,,
multi_source,event-cluster-transparent-v1:3095,,0.6666666666666666,carried by more than one outlet,2,2,"aa_ekonomi,haberturk_ekonomi",banking_financial_sector,,,2026-07-02,Bankacılık sektörünün mevduatı geçen hafta arttı || Bankacılık sektörünün mevduatı arttı,,,,
multi_source,event-cluster-transparent-v1:4092,,0.6666666666666666,carried by more than one outlet,2,2,"aa_ekonomi,sabah_ekonomi",global_risk,,,2026-07-21,"Türkiye'nin LPG ithalatı mayısta arttı || Türkiye'nin doğal gaz ithalatı mayısta yüzde 2,95 arttı",,,,
multi_source,event-cluster-transparent-v1:3832,,0.5,carried by more than one outlet,2,2,"haberturk_ekonomi,sabah_ekonomi",inflation_macro,data_release,BUTCE,2026-07-16,Bakanlık açıkladı: Bütçe Haziran'da fazla verdi! || Bütçe haziranda fazla verdi,,,,
multi_source,event-cluster-transparent-v1:4219,,0.3333333333333333,carried by more than one outlet,2,2,"cumhuriyet_ekonomi,sozcu_gundem",monetary_policy,rate_decision,TCMB,2026-07-23,Merkez Bankası faiz kararını açıklıyor: Piyasaların gözü yarınki kritik toplantıda || Türkiye Cumhuriyet Merkez Bankası faiz kararını açıkladı,,,,
multi_source,event-cluster-transparent-v1:2907,,0.3333333333333333,carried by more than one outlet,2,2,"bloomberght,dunya",global_risk,data_release,EUR,2026-07-01,Euro Bölgesi enflasyonu beklentilerden fazla yavaşladı || Euro Bölgesi enflasyonu ECB’nin temkin alanını genişletti,,,,
multi_headline_single_source,event-cluster-transparent-v1:4582,,0.3333333333333333,"several headlines, one outlet: repetition or a real story?",2,1,aa_ekonomi,political_regulatory_risk,,BORSA_ISTANBUL,2026-07-29,Borsa İstanbul'da gong Albayrak Hazır Beton Sanayi ve Ticaret AŞ için çaldı || Borsa İstanbul'da gong Metgün Enerji Yatırımları AŞ için çaldı,,,,
multi_headline_single_source,event-cluster-transparent-v1:2525,,0.3333333333333333,"several headlines, one outlet: repetition or a real story?",2,1,investing_tr_economy,global_risk,guidance,USDTRY,2026-06-23,Barclays dolar tahminlerini yükseltti || Barclays dolar toparlanması bekliyor,,,,
multi_headline_single_source,event-cluster-transparent-v1:4284,,0.6,"several headlines, one outlet: repetition or a real story?",2,1,aa_ekonomi,market_recap,market_move,,2026-07-23,Borsa günü yükselişle tamamladı || Borsa günü düşüşle tamamladı,,,,
multi_headline_single_source,event-cluster-transparent-v1:4675,,1.0,"several headlines, one outlet: repetition or a real story?",2,1,aa_ekonomi,market_recap,market_move,,2026-07-30,Borsa günü düşüşle tamamladı || Borsa günü düşüşle tamamladı,,,,
multi_headline_single_source,event-cluster-transparent-v1:4060,,0.7142857142857143,"several headlines, one outlet: repetition or a real story?",2,1,cumhuriyet_ekonomi,global_risk,,DOGALGAZ,2026-07-20,18 Temmuz 2026: Spot piyasada doğalgaz fiyatları || 28 Temmuz 2026: Spot piyasada elektrik fiyatları,,,,
multi_headline_single_source,event-cluster-transparent-v1:4162,,0.5714285714285714,"several headlines, one outlet: repetition or a real story?",2,1,dunya,global_risk,rate_decision,FED,2026-07-23,"Fed faiz kararı ne zaman, hangi gün açıklanıyor? || Temmuz Fed faiz kararı ne zaman, hangi gün açıklanacak?",,,,
multi_headline_single_source,event-cluster-transparent-v1:4300,,0.7142857142857143,"several headlines, one outlet: repetition or a real story?",2,1,sozcu_gundem,market_recap,,,2026-07-24,Borsa güne yükselişle başladı - 23 Temmuz 2026 || Borsa güne düşüşle başladı - 24 Temmuz 2026,,,,
multi_headline_single_source,event-cluster-transparent-v1:4554,,0.6428571428571429,"several headlines, one outlet: repetition or a real story?",3,1,cumhuriyet_ekonomi,market_recap,,FED,2026-07-30,"Altın yatırımcısının gözü Fed'de: Gram, çeyrek ve Cumhuriyet altını bugün ne kadar oldu? Güncel altın fiyatları 28 Temmuz 2026 Salı... || Altın yatırımcısının gözü açıklanacak kritik kararda: Gram, çeyrek ve Cumhuriyet altını bugün ne kadar oldu? Güncel altın fiyatları 29 Temmuz 2026 Çarşamba... || Altın fiyatları Fed sonrası tırmanışta: Gram, çeyrek ve Cumhuriyet altını bugün ne kadar oldu? Güncel altın fiyatları 30 Temmuz 2026 Perşembe...",,,,
multi_headline_single_source,event-cluster-transparent-v1:3029,,1.0,"several headlines, one outlet: repetition or a real story?",2,1,aa_ekonomi,market_recap,market_move,,2026-07-02,Borsa günü yükselişle tamamladı || Borsa günü yükselişle tamamladı,,,,
multi_headline_single_source,event-cluster-transparent-v1:2222,,0.3333333333333333,"several headlines, one outlet: repetition or a real story?",2,1,bloomberght,global_risk,,TCMB,2026-06-18,Endonezya Merkez Bankası da faiz artırdı || Filipinler Merkez Bankası'ndan faiz artışı kararı,,,,
multi_headline_single_source,event-cluster-transparent-v1:4108,,0.6,"several headlines, one outlet: repetition or a real story?",2,1,aa_ekonomi,market_recap,market_move,,2026-07-21,Borsa günü yükselişle tamamladı || Borsa günü düşüşle tamamladı,,,,
multi_headline_single_source,event-cluster-transparent-v1:3701,,1.0,"several headlines, one outlet: repetition or a real story?",2,1,dunya,banking_financial_sector,,,2026-07-16,"15 Temmuz (yarın) bankalar kapalı mı, açık mı? Çarşamba günü banka çalışıyor mu? || 15 Temmuz (bugün) bankalar kapalı mı, açık mı? Çarşamba günü banka çalışıyor mu?",,,,
multi_headline_single_source,event-cluster-transparent-v1:3488,,1.0,"several headlines, one outlet: repetition or a real story?",2,1,aa_ekonomi,market_recap,market_move,,2026-07-09,Borsa günü düşüşle tamamladı || Borsa günü düşüşle tamamladı,,,,
multi_headline_single_source,event-cluster-transparent-v1:4526,,1.0,"several headlines, one outlet: repetition or a real story?",2,1,aa_ekonomi,market_recap,market_move,,2026-07-28,Borsa günü düşüşle tamamladı || Borsa günü düşüşle tamamladı,,,,
multi_headline_single_source,event-cluster-transparent-v1:4103,,0.6,"several headlines, one outlet: repetition or a real story?",3,1,aa_ekonomi,market_recap,,,2026-07-23,Borsa güne düşüşle başladı || Borsa güne yükselişle başladı || Borsa güne yükselişle başladı,,,,
high_similarity,event-cluster-transparent-v1:979,,1.0,near-identical titles; check for syndication,2,2,"aa_ekonomi,dunya",market_recap,market_move,,2026-06-05,Borsa günü düşüşle tamamladı || Borsa günü düşüşle tamamladı,,,,
high_similarity,event-cluster-transparent-v1:4675,,1.0,near-identical titles; check for syndication,2,1,aa_ekonomi,market_recap,market_move,,2026-07-30,Borsa günü düşüşle tamamladı || Borsa günü düşüşle tamamladı,,,,
high_similarity,event-cluster-transparent-v1:4844,,1.0,near-identical titles; check for syndication,2,2,"aa_ekonomi,sabah_ekonomi",market_recap,market_move,,2026-08-06,Borsa günü yükselişle tamamladı || Borsa günü yükselişle tamamladı,,,,
high_similarity,event-cluster-transparent-v1:3029,,1.0,near-identical titles; check for syndication,2,1,aa_ekonomi,market_recap,market_move,,2026-07-02,Borsa günü yükselişle tamamladı || Borsa günü yükselişle tamamladı,,,,
high_similarity,event-cluster-transparent-v1:1111,,1.0,near-identical titles; check for syndication,2,2,"aa_ekonomi,bloomberght",global_risk,,,2026-06-05,"Blackstone, özel kredi fonundan para çekilmesine limit getirdi || ABD'li Blackstone, özel kredi fonundan para çekilmesine limit getirdi",,,,
high_similarity,event-cluster-transparent-v1:3701,,1.0,near-identical titles; check for syndication,2,1,dunya,banking_financial_sector,,,2026-07-16,"15 Temmuz (yarın) bankalar kapalı mı, açık mı? Çarşamba günü banka çalışıyor mu? || 15 Temmuz (bugün) bankalar kapalı mı, açık mı? Çarşamba günü banka çalışıyor mu?",,,,
high_similarity,event-cluster-transparent-v1:3488,,1.0,near-identical titles; check for syndication,2,1,aa_ekonomi,market_recap,market_move,,2026-07-09,Borsa günü düşüşle tamamladı || Borsa günü düşüşle tamamladı,,,,
high_similarity,event-cluster-transparent-v1:2572,,1.0,near-identical titles; check for syndication,2,2,"bloomberght,haberturk_ekonomi",global_risk,,,2026-06-26,Küresel piyasalarda yön arayışı || Küresel piyasalarda yön arayışı,,,,
high_similarity,event-cluster-transparent-v1:4526,,1.0,near-identical titles; check for syndication,2,1,aa_ekonomi,market_recap,market_move,,2026-07-28,Borsa günü düşüşle tamamladı || Borsa günü düşüşle tamamladı,,,,
high_similarity,event-cluster-transparent-v1:4183,,1.0,near-identical titles; check for syndication,2,2,"aa_ekonomi,sozcu_gundem",market_recap,market_move,,2026-07-22,"Reel Kesim Güven Endeksi temmuzda 101,2'ye geriledi || Reel Kesim Güven Endeksi temmuzda geriledi",,,,
high_similarity,event-cluster-transparent-v1:2690,,1.0,near-identical titles; check for syndication,2,2,"dunya,sabah_ekonomi",company_kap,,,2026-06-26,"Türk Telekom, TahtApp uygulamasıyla çocuklara ışık oldu: 5G ile karne heyecanı 7 ilde eş zamanlı yaşandı || Türk Telekom, TahtApp uygulamasıyla çocuklara ışık oldu; 5G ile karne heyecanı 7 ilde eş zamanlı yaşandı",,,,
high_similarity,event-cluster-transparent-v1:3007,,0.8571428571428571,near-identical titles; check for syndication,2,2,"aa_ekonomi,sabah_ekonomi",banking_financial_sector,,,2026-07-02,"Türk Eximbank'tan 830 milyon dolarlık sendikasyon kredisi || Türk Eximbank, 830 milyon dolarlık sendikasyon kredisi sağladı",,,,
high_similarity,event-cluster-transparent-v1:2439,,0.8571428571428571,near-identical titles; check for syndication,2,1,investing_tr_economy,market_recap,market_move,,2026-06-23,"Kolombiya pesosu beş yılın zirvesinde, hisseler oylamadan sonra düştü || Kolombiya pesosu beş yılın zirvesinde, hisseler düştü",,,,
high_similarity,event-cluster-transparent-v1:270,,1.0,near-identical titles; check for syndication,2,1,ntv_ekonomi,global_risk,,ALTIN,2026-04-15,"Altın fiyatları canlı 14 Nisan 2026: Altın fiyatları ne kadar oldu? Gram, çeyrek, yarım ve cumhuriyet altını alış satış fiyatları || Altın fiyatları canlı 13 Nisan 2026: Altın fiyatları ne kadar oldu? Gram, çeyrek, yarım ve cumhuriyet altını alış satış fiyatları",,,,
high_similarity,event-cluster-transparent-v1:2566,,1.0,near-identical titles; check for syndication,2,1,aa_ekonomi,market_recap,market_move,,2026-06-24,Borsa günü düşüşle tamamladı || Borsa günü düşüşle tamamladı,,,,
threshold_near,event-cluster-transparent-v1:4362,,0.6666666666666666,similarity within one band of a decision threshold,2,2,"haberturk_ekonomi,sozcu_gundem",monetary_policy,,TCMB,2026-07-24,TCMB'den Ödemeler Dengesi'nde revizyon || TCMB'den ödemeler dengesi verilerinde revizyon kararı,,,,
threshold_near,event-cluster-transparent-v1:4582,,0.3333333333333333,similarity within one band of a decision threshold,2,1,aa_ekonomi,political_regulatory_risk,,BORSA_ISTANBUL,2026-07-29,Borsa İstanbul'da gong Albayrak Hazır Beton Sanayi ve Ticaret AŞ için çaldı || Borsa İstanbul'da gong Metgün Enerji Yatırımları AŞ için çaldı,,,,
threshold_near,event-cluster-transparent-v1:2525,,0.3333333333333333,similarity within one band of a decision threshold,2,1,investing_tr_economy,global_risk,guidance,USDTRY,2026-06-23,Barclays dolar tahminlerini yükseltti || Barclays dolar toparlanması bekliyor,,,,
threshold_near,event-cluster-transparent-v1:4284,,0.6,similarity within one band of a decision threshold,2,1,aa_ekonomi,market_recap,market_move,,2026-07-23,Borsa günü yükselişle tamamladı || Borsa günü düşüşle tamamladı,,,,
threshold_near,event-cluster-transparent-v1:3131,,0.3,similarity within one band of a decision threshold,2,2,"bloomberght,cumhuriyet_ekonomi",monetary_policy,,TCMB,2026-07-06,Commerzbank'tan TCMB faiz yorumu || Alman devi Commerzbank'tan faiz uyarısı: TCMB'nin indirim alanı kalmadı,,,,
threshold_near,event-cluster-transparent-v1:4162,,0.5714285714285714,similarity within one band of a decision threshold,2,1,dunya,global_risk,rate_decision,FED,2026-07-23,"Fed faiz kararı ne zaman, hangi gün açıklanıyor? || Temmuz Fed faiz kararı ne zaman, hangi gün açıklanacak?",,,,
threshold_near,event-cluster-transparent-v1:2089,,0.6666666666666666,similarity within one band of a decision threshold,4,2,"aa_ekonomi,sozcu_gundem",market_recap,,,2026-06-18,Borsa güne yükselişle başladı || Borsa güne yükselişle başladı || Borsa güne yükselişle başladı - 17 Haziran 2026 || Borsa güne yükselişle başladı - 18 Haziran 2026,,,,
threshold_near,event-cluster-transparent-v1:2628,,0.3333333333333333,similarity within one band of a decision threshold,3,2,"aa_ekonomi,sabah_ekonomi",monetary_policy,,HAZINE,2026-06-26,"Hazine ve Maliye Bakanlığı kira sertifikası ihracı için 6 finans kuruluşuna yetki verdi || Hazine'den 2,75 milyar dolarlık kira sertifikası ihracı || Hazine ve Maliye Bakanlığı 2,75 milyar dolar tutarında kira sertifikası ihracı gerçekleştirdi",,,,
threshold_near,event-cluster-transparent-v1:2062,,0.6666666666666666,similarity within one band of a decision threshold,2,2,"bloomberght,haberturk_ekonomi",company_kap,,ASELS,2026-06-16,Aselsan ile SSB arasında 780 milyon euroluk sözleşme || ASELSAN ile SSB arasında 780 milyon Euro'luk sözleşme,,,,
threshold_near,event-cluster-transparent-v1:4554,,0.6428571428571429,similarity within one band of a decision threshold,3,1,cumhuriyet_ekonomi,market_recap,,FED,2026-07-30,"Altın yatırımcısının gözü Fed'de: Gram, çeyrek ve Cumhuriyet altını bugün ne kadar oldu? Güncel altın fiyatları 28 Temmuz 2026 Salı... || Altın yatırımcısının gözü açıklanacak kritik kararda: Gram, çeyrek ve Cumhuriyet altını bugün ne kadar oldu? Güncel altın fiyatları 29 Temmuz 2026 Çarşamba... || Altın fiyatları Fed sonrası tırmanışta: Gram, çeyrek ve Cumhuriyet altını bugün ne kadar oldu? Güncel altın fiyatları 30 Temmuz 2026 Perşembe...",,,,
threshold_near,event-cluster-transparent-v1:2331,,0.6666666666666666,similarity within one band of a decision threshold,2,2,"aa_ekonomi,sozcu_gundem",market_recap,,,2026-06-19,Borsa güne düşüşle başladı || Borsa güne düşüşle başladı - 19 Haziran 2026,,,,
threshold_near,event-cluster-transparent-v1:3095,,0.6666666666666666,similarity within one band of a decision threshold,2,2,"aa_ekonomi,haberturk_ekonomi",banking_financial_sector,,,2026-07-02,Bankacılık sektörünün mevduatı geçen hafta arttı || Bankacılık sektörünün mevduatı arttı,,,,
threshold_near,event-cluster-transparent-v1:4092,,0.6666666666666666,similarity within one band of a decision threshold,2,2,"aa_ekonomi,sabah_ekonomi",global_risk,,,2026-07-21,"Türkiye'nin LPG ithalatı mayısta arttı || Türkiye'nin doğal gaz ithalatı mayısta yüzde 2,95 arttı",,,,
threshold_near,event-cluster-transparent-v1:2222,,0.3333333333333333,similarity within one band of a decision threshold,2,1,bloomberght,global_risk,,TCMB,2026-06-18,Endonezya Merkez Bankası da faiz artırdı || Filipinler Merkez Bankası'ndan faiz artışı kararı,,,,
threshold_near,event-cluster-transparent-v1:4219,,0.3333333333333333,similarity within one band of a decision threshold,2,2,"cumhuriyet_ekonomi,sozcu_gundem",monetary_policy,rate_decision,TCMB,2026-07-23,Merkez Bankası faiz kararını açıklıyor: Piyasaların gözü yarınki kritik toplantıda || Türkiye Cumhuriyet Merkez Bankası faiz kararını açıkladı,,,,
entity_based,event-cluster-transparent-v1:4362,,0.6666666666666666,merged on a shared entity,2,2,"haberturk_ekonomi,sozcu_gundem",monetary_policy,,TCMB,2026-07-24,TCMB'den Ödemeler Dengesi'nde revizyon || TCMB'den ödemeler dengesi verilerinde revizyon kararı,,,,
entity_based,event-cluster-transparent-v1:4582,,0.3333333333333333,merged on a shared entity,2,1,aa_ekonomi,political_regulatory_risk,,BORSA_ISTANBUL,2026-07-29,Borsa İstanbul'da gong Albayrak Hazır Beton Sanayi ve Ticaret AŞ için çaldı || Borsa İstanbul'da gong Metgün Enerji Yatırımları AŞ için çaldı,,,,
entity_based,event-cluster-transparent-v1:2525,,0.3333333333333333,merged on a shared entity,2,1,investing_tr_economy,global_risk,guidance,USDTRY,2026-06-23,Barclays dolar tahminlerini yükseltti || Barclays dolar toparlanması bekliyor,,,,
entity_based,event-cluster-transparent-v1:3131,,0.3,merged on a shared entity,2,2,"bloomberght,cumhuriyet_ekonomi",monetary_policy,,TCMB,2026-07-06,Commerzbank'tan TCMB faiz yorumu || Alman devi Commerzbank'tan faiz uyarısı: TCMB'nin indirim alanı kalmadı,,,,
entity_based,event-cluster-transparent-v1:4162,,0.5714285714285714,merged on a shared entity,2,1,dunya,global_risk,rate_decision,FED,2026-07-23,"Fed faiz kararı ne zaman, hangi gün açıklanıyor? || Temmuz Fed faiz kararı ne zaman, hangi gün açıklanacak?",,,,
entity_based,event-cluster-transparent-v1:2846,,0.5,merged on a shared entity,3,3,"bloomberght,haberturk_ekonomi,sabah_ekonomi",political_regulatory_risk,,BORSA_ISTANBUL,2026-06-30,Borsa İstanbul yeni veri merkezini yarın devreye alacak || Borsa İstanbul yeni veri merkezini yarın devreye alıyor || Borsa İstanbul yeni veri merkezini hizmete açıyor,,,,
entity_based,event-cluster-transparent-v1:3300,,0.75,merged on a shared entity,2,2,"bloomberght,haberturk_ekonomi",inflation_macro,,DIS_TICARET,2026-07-08,İhracat ikliminde sınırlı iyileşme || İhracat ikliminde iyileşme,,,,
entity_based,event-cluster-transparent-v1:2628,,0.3333333333333333,merged on a shared entity,3,2,"aa_ekonomi,sabah_ekonomi",monetary_policy,,HAZINE,2026-06-26,"Hazine ve Maliye Bakanlığı kira sertifikası ihracı için 6 finans kuruluşuna yetki verdi || Hazine'den 2,75 milyar dolarlık kira sertifikası ihracı || Hazine ve Maliye Bakanlığı 2,75 milyar dolar tutarında kira sertifikası ihracı gerçekleştirdi",,,,
entity_based,event-cluster-transparent-v1:2062,,0.6666666666666666,merged on a shared entity,2,2,"bloomberght,haberturk_ekonomi",company_kap,,ASELS,2026-06-16,Aselsan ile SSB arasında 780 milyon euroluk sözleşme || ASELSAN ile SSB arasında 780 milyon Euro'luk sözleşme,,,,
entity_based,event-cluster-transparent-v1:4554,,0.6428571428571429,merged on a shared entity,3,1,cumhuriyet_ekonomi,market_recap,,FED,2026-07-30,"Altın yatırımcısının gözü Fed'de: Gram, çeyrek ve Cumhuriyet altını bugün ne kadar oldu? Güncel altın fiyatları 28 Temmuz 2026 Salı... || Altın yatırımcısının gözü açıklanacak kritik kararda: Gram, çeyrek ve Cumhuriyet altını bugün ne kadar oldu? Güncel altın fiyatları 29 Temmuz 2026 Çarşamba... || Altın fiyatları Fed sonrası tırmanışta: Gram, çeyrek ve Cumhuriyet altını bugün ne kadar oldu? Güncel altın fiyatları 30 Temmuz 2026 Perşembe...",,,,
entity_based,event-cluster-transparent-v1:2222,,0.3333333333333333,merged on a shared entity,2,1,bloomberght,global_risk,,TCMB,2026-06-18,Endonezya Merkez Bankası da faiz artırdı || Filipinler Merkez Bankası'ndan faiz artışı kararı,,,,
entity_based,event-cluster-transparent-v1:3832,,0.5,merged on a shared entity,2,2,"haberturk_ekonomi,sabah_ekonomi",inflation_macro,data_release,BUTCE,2026-07-16,Bakanlık açıkladı: Bütçe Haziran'da fazla verdi! || Bütçe haziranda fazla verdi,,,,
entity_based,event-cluster-transparent-v1:4219,,0.3333333333333333,merged on a shared entity,2,2,"cumhuriyet_ekonomi,sozcu_gundem",monetary_policy,rate_decision,TCMB,2026-07-23,Merkez Bankası faiz kararını açıklıyor: Piyasaların gözü yarınki kritik toplantıda || Türkiye Cumhuriyet Merkez Bankası faiz kararını açıkladı,,,,
entity_based,event-cluster-transparent-v1:2907,,0.3333333333333333,merged on a shared entity,2,2,"bloomberght,dunya",global_risk,data_release,EUR,2026-07-01,Euro Bölgesi enflasyonu beklentilerden fazla yavaşladı || Euro Bölgesi enflasyonu ECB’nin temkin alanını genişletti,,,,
entity_based,event-cluster-transparent-v1:4339,,0.4444444444444444,merged on a shared entity,2,2,"haberturk_ekonomi,sabah_ekonomi",inflation_macro,data_release,TCMB,2026-07-24,Vatandaşın enflasyon beklentisi geriledi! Merkez Bankası hanehalkı ve piyasanın tahminini açıkladı || Vatandaşın enflasyon beklentisi geriledi,,,,
title_only,event-cluster-transparent-v1:979,,1.0,merged on title overlap with no shared entity,2,2,"aa_ekonomi,dunya",market_recap,market_move,,2026-06-05,Borsa günü düşüşle tamamladı || Borsa günü düşüşle tamamladı,,,,
title_only,event-cluster-transparent-v1:4284,,0.6,merged on title overlap with no shared entity,2,1,aa_ekonomi,market_recap,market_move,,2026-07-23,Borsa günü yükselişle tamamladı || Borsa günü düşüşle tamamladı,,,,
title_only,event-cluster-transparent-v1:4675,,1.0,merged on title overlap with no shared entity,2,1,aa_ekonomi,market_recap,market_move,,2026-07-30,Borsa günü düşüşle tamamladı || Borsa günü düşüşle tamamladı,,,,
title_only,event-cluster-transparent-v1:4060,,0.7142857142857143,merged on title overlap with no shared entity,2,1,cumhuriyet_ekonomi,global_risk,,DOGALGAZ,2026-07-20,18 Temmuz 2026: Spot piyasada doğalgaz fiyatları || 28 Temmuz 2026: Spot piyasada elektrik fiyatları,,,,
title_only,event-cluster-transparent-v1:2089,,0.6666666666666666,merged on title overlap with no shared entity,4,2,"aa_ekonomi,sozcu_gundem",market_recap,,,2026-06-18,Borsa güne yükselişle başladı || Borsa güne yükselişle başladı || Borsa güne yükselişle başladı - 17 Haziran 2026 || Borsa güne yükselişle başladı - 18 Haziran 2026,,,,
title_only,event-cluster-transparent-v1:4844,,1.0,merged on title overlap with no shared entity,2,2,"aa_ekonomi,sabah_ekonomi",market_recap,market_move,,2026-08-06,Borsa günü yükselişle tamamladı || Borsa günü yükselişle tamamladı,,,,
title_only,event-cluster-transparent-v1:4300,,0.7142857142857143,merged on title overlap with no shared entity,2,1,sozcu_gundem,market_recap,,,2026-07-24,Borsa güne yükselişle başladı - 23 Temmuz 2026 || Borsa güne düşüşle başladı - 24 Temmuz 2026,,,,
title_only,event-cluster-transparent-v1:2331,,0.6666666666666666,merged on title overlap with no shared entity,2,2,"aa_ekonomi,sozcu_gundem",market_recap,,,2026-06-19,Borsa güne düşüşle başladı || Borsa güne düşüşle başladı - 19 Haziran 2026,,,,
title_only,event-cluster-transparent-v1:3029,,1.0,merged on title overlap with no shared entity,2,1,aa_ekonomi,market_recap,market_move,,2026-07-02,Borsa günü yükselişle tamamladı || Borsa günü yükselişle tamamladı,,,,
title_only,event-cluster-transparent-v1:3095,,0.6666666666666666,merged on title overlap with no shared entity,2,2,"aa_ekonomi,haberturk_ekonomi",banking_financial_sector,,,2026-07-02,Bankacılık sektörünün mevduatı geçen hafta arttı || Bankacılık sektörünün mevduatı arttı,,,,
title_only,event-cluster-transparent-v1:4092,,0.6666666666666666,merged on title overlap with no shared entity,2,2,"aa_ekonomi,sabah_ekonomi",global_risk,,,2026-07-21,"Türkiye'nin LPG ithalatı mayısta arttı || Türkiye'nin doğal gaz ithalatı mayısta yüzde 2,95 arttı",,,,
title_only,event-cluster-transparent-v1:1111,,1.0,merged on title overlap with no shared entity,2,2,"aa_ekonomi,bloomberght",global_risk,,,2026-06-05,"Blackstone, özel kredi fonundan para çekilmesine limit getirdi || ABD'li Blackstone, özel kredi fonundan para çekilmesine limit getirdi",,,,
title_only,event-cluster-transparent-v1:3167,,0.6,merged on title overlap with no shared entity,4,2,"aa_ekonomi,sozcu_gundem",market_recap,,,2026-07-08,Borsa güne yükselişle başladı || Borsa güne yükselişle başladı - 6 Temmuz 2026 || Borsa güne düşüşle başladı || Borsa güne düşüşle başladı,,,,
title_only,event-cluster-transparent-v1:4108,,0.6,merged on title overlap with no shared entity,2,1,aa_ekonomi,market_recap,market_move,,2026-07-21,Borsa günü yükselişle tamamladı || Borsa günü düşüşle tamamladı,,,,
title_only,event-cluster-transparent-v1:3701,,1.0,merged on title overlap with no shared entity,2,1,dunya,banking_financial_sector,,,2026-07-16,"15 Temmuz (yarın) bankalar kapalı mı, açık mı? Çarşamba günü banka çalışıyor mu? || 15 Temmuz (bugün) bankalar kapalı mı, açık mı? Çarşamba günü banka çalışıyor mu?",,,,
cross_session,event-cluster-transparent-v1:4582,,0.3333333333333333,members react on different sessions,2,1,aa_ekonomi,political_regulatory_risk,,BORSA_ISTANBUL,2026-07-29,Borsa İstanbul'da gong Albayrak Hazır Beton Sanayi ve Ticaret AŞ için çaldı || Borsa İstanbul'da gong Metgün Enerji Yatırımları AŞ için çaldı,,,,
cross_session,event-cluster-transparent-v1:979,,1.0,members react on different sessions,2,2,"aa_ekonomi,dunya",market_recap,market_move,,2026-06-05,Borsa günü düşüşle tamamladı || Borsa günü düşüşle tamamladı,,,,
cross_session,event-cluster-transparent-v1:4284,,0.6,members react on different sessions,2,1,aa_ekonomi,market_recap,market_move,,2026-07-23,Borsa günü yükselişle tamamladı || Borsa günü düşüşle tamamladı,,,,
cross_session,event-cluster-transparent-v1:4675,,1.0,members react on different sessions,2,1,aa_ekonomi,market_recap,market_move,,2026-07-30,Borsa günü düşüşle tamamladı || Borsa günü düşüşle tamamladı,,,,
cross_session,event-cluster-transparent-v1:4162,,0.5714285714285714,members react on different sessions,2,1,dunya,global_risk,rate_decision,FED,2026-07-23,"Fed faiz kararı ne zaman, hangi gün açıklanıyor? || Temmuz Fed faiz kararı ne zaman, hangi gün açıklanacak?",,,,
cross_session,event-cluster-transparent-v1:2089,,0.6666666666666666,members react on different sessions,4,2,"aa_ekonomi,sozcu_gundem",market_recap,,,2026-06-18,Borsa güne yükselişle başladı || Borsa güne yükselişle başladı || Borsa güne yükselişle başladı - 17 Haziran 2026 || Borsa güne yükselişle başladı - 18 Haziran 2026,,,,
cross_session,event-cluster-transparent-v1:2628,,0.3333333333333333,members react on different sessions,3,2,"aa_ekonomi,sabah_ekonomi",monetary_policy,,HAZINE,2026-06-26,"Hazine ve Maliye Bakanlığı kira sertifikası ihracı için 6 finans kuruluşuna yetki verdi || Hazine'den 2,75 milyar dolarlık kira sertifikası ihracı || Hazine ve Maliye Bakanlığı 2,75 milyar dolar tutarında kira sertifikası ihracı gerçekleştirdi",,,,
cross_session,event-cluster-transparent-v1:4300,,0.7142857142857143,members react on different sessions,2,1,sozcu_gundem,market_recap,,,2026-07-24,Borsa güne yükselişle başladı - 23 Temmuz 2026 || Borsa güne düşüşle başladı - 24 Temmuz 2026,,,,
cross_session,event-cluster-transparent-v1:4554,,0.6428571428571429,members react on different sessions,3,1,cumhuriyet_ekonomi,market_recap,,FED,2026-07-30,"Altın yatırımcısının gözü Fed'de: Gram, çeyrek ve Cumhuriyet altını bugün ne kadar oldu? Güncel altın fiyatları 28 Temmuz 2026 Salı... || Altın yatırımcısının gözü açıklanacak kritik kararda: Gram, çeyrek ve Cumhuriyet altını bugün ne kadar oldu? Güncel altın fiyatları 29 Temmuz 2026 Çarşamba... || Altın fiyatları Fed sonrası tırmanışta: Gram, çeyrek ve Cumhuriyet altını bugün ne kadar oldu? Güncel altın fiyatları 30 Temmuz 2026 Perşembe...",,,,
cross_session,event-cluster-transparent-v1:3029,,1.0,members react on different sessions,2,1,aa_ekonomi,market_recap,market_move,,2026-07-02,Borsa günü yükselişle tamamladı || Borsa günü yükselişle tamamladı,,,,
cross_session,event-cluster-transparent-v1:4092,,0.6666666666666666,members react on different sessions,2,2,"aa_ekonomi,sabah_ekonomi",global_risk,,,2026-07-21,"Türkiye'nin LPG ithalatı mayısta arttı || Türkiye'nin doğal gaz ithalatı mayısta yüzde 2,95 arttı",,,,
cross_session,event-cluster-transparent-v1:4219,,0.3333333333333333,members react on different sessions,2,2,"cumhuriyet_ekonomi,sozcu_gundem",monetary_policy,rate_decision,TCMB,2026-07-23,Merkez Bankası faiz kararını açıklıyor: Piyasaların gözü yarınki kritik toplantıda || Türkiye Cumhuriyet Merkez Bankası faiz kararını açıkladı,,,,
cross_session,event-cluster-transparent-v1:3167,,0.6,members react on different sessions,4,2,"aa_ekonomi,sozcu_gundem",market_recap,,,2026-07-08,Borsa güne yükselişle başladı || Borsa güne yükselişle başladı - 6 Temmuz 2026 || Borsa güne düşüşle başladı || Borsa güne düşüşle başladı,,,,
cross_session,event-cluster-transparent-v1:4108,,0.6,members react on different sessions,2,1,aa_ekonomi,market_recap,market_move,,2026-07-21,Borsa günü yükselişle tamamladı || Borsa günü düşüşle tamamladı,,,,
cross_session,event-cluster-transparent-v1:2154,,0.3333333333333333,members react on different sessions,3,3,"bloomberght,dunya,haberturk_ekonomi",global_risk,,TCMB,2026-06-18,Şili Merkez Bankası faizi değiştirmedi || İsveç Merkez Bankası politika faiz oranını değiştirmedi || İngiltere Merkez Bankası faizi sabit bıraktı,,,,
near_miss_pair,event-cluster-transparent-v1:4877,event-cluster-transparent-v1:4945,1.0,nearest neighbour in company_kap on 2026-08-05 at Jaccard 1.00; did not merge,1,1,aa_ekonomi,company_kap,,THYAO,2026-08-05,THY yılın ilk yarısında 18 milyar 864 milyon lira kar etti || THY yılın ilk yarısında 18 milyar 864 milyon lira kâr etti,,,,
near_miss_pair,event-cluster-transparent-v1:4948,event-cluster-transparent-v1:4881,1.0,nearest neighbour in company_kap on 2026-08-05 at Jaccard 1.00; did not merge,1,1,haberturk_ekonomi,company_kap,,ASELS,2026-08-05,"ASELSAN'ın ilk 6 aylık cirosu 88,5 milyar lira oldu || ASELSAN'ın ilk 6 aylık cirosu 88,5 milyar lira oldu",,,,
near_miss_pair,event-cluster-transparent-v1:4979,event-cluster-transparent-v1:4842,1.0,nearest neighbour in other on 2026-08-06 at Jaccard 1.00; did not merge,1,1,sozcu_gundem,other,,,2026-08-06,İstanbul Bahçelievler'de 4 katlı bina çöktü || İstanbul Bahçelievler'de 5 katlı bina çöktü,,,,
near_miss_pair,event-cluster-transparent-v1:4418,event-cluster-transparent-v1:4470,1.0,nearest neighbour in political_regulatory_risk on 2026-07-27 at Jaccard 1.00; did not merge,1,1,dunya,political_regulatory_risk,appointment,,2026-07-27,264 eski milletvekili CHP’den istifa etti || 265 eski milletvekili CHP'den istifa etti,,,,
near_miss_pair,event-cluster-transparent-v1:2391,event-cluster-transparent-v1:2410,1.0,nearest neighbour in other on 2026-06-22 at Jaccard 1.00; did not merge,1,1,aa_ekonomi,other,,,2026-06-22,"Yandex Go İstanbul'da hizmete başladı || Yandex Go, İstanbul'da hizmete başladı",,,,
near_miss_pair,event-cluster-transparent-v1:470,event-cluster-transparent-v1:504,0.875,nearest neighbour in inflation_macro on 2026-06-03 at Jaccard 0.88; did not merge,1,1,dunya,inflation_macro,data_release,,2026-06-03,Büyümeye en fazla katma değer bilgi ve iletişim sektöründen || Büyümeye en fazla katma değer bilgi ve iletişim sektöründen geldi,,,,
near_miss_pair,event-cluster-transparent-v1:2411,event-cluster-transparent-v1:2394,0.75,nearest neighbour in inflation_macro on 2026-06-22 at Jaccard 0.75; did not merge,1,1,haberturk_ekonomi,inflation_macro,data_release,,2026-06-22,"""Dezenflasyon hedefimiz doğrultusunda kararlılıkla çalışmayı sürdürüyoruz"" || Bakan Şimşek: Dezenflasyon hedefimiz doğrultusunda kararlılıkla çalışmayı sürdürüyoruz",,,,
near_miss_pair,event-cluster-transparent-v1:1792,event-cluster-transparent-v1:1638,0.7,nearest neighbour in inflation_macro on 2026-06-09 at Jaccard 0.70; did not merge,1,1,aa_ekonomi,inflation_macro,,,2026-06-09,"""AA Kent Ekonomileri Zirvesi"" Türkiye-Suriye iş dünyasını bir araya getirdi || Türkiye-Suriye iş dünyasını bir araya getiren ""AA Kent Ekonomileri Zirvesi"" başladı",,,,
near_miss_pair,event-cluster-transparent-v1:3635,event-cluster-transparent-v1:3662,0.6667,nearest neighbour in market_recap on 2026-07-13 at Jaccard 0.67; did not merge,1,1,aa_ekonomi,market_recap,,,2026-07-13,Borsa haftaya düşüşle başladı || Borsa haftaya düşüşle başladı - 13 Temmuz 2026,,,,
near_miss_pair,event-cluster-transparent-v1:4037,event-cluster-transparent-v1:4011,0.6667,nearest neighbour in market_recap on 2026-07-20 at Jaccard 0.67; did not merge,1,1,sozcu_gundem,market_recap,,,2026-07-20,Borsa haftaya düşüşle başladı - 20 Temmuz 2026 || Borsa haftaya düşüşle başladı,,,,
near_miss_pair,event-cluster-transparent-v1:2434,event-cluster-transparent-v1:2416,0.6667,nearest neighbour in market_recap on 2026-06-22 at Jaccard 0.67; did not merge,1,1,sozcu_gundem,market_recap,,,2026-06-22,"Tüketici güven endeksi haziranda arttı || Tüketici güven endeksi yüzde 2,5 arttı",,,,
near_miss_pair,event-cluster-transparent-v1:4009,event-cluster-transparent-v1:4053,0.625,nearest neighbour in inflation_macro on 2026-07-20 at Jaccard 0.62; did not merge,1,1,aa_ekonomi,inflation_macro,data_release,,2026-07-20,Türkiye'nin mayıs ayı uluslararası yatırım pozisyonu verileri açıklandı || Türkiye'nin uluslararası yatırım pozisyonu verileri paylaşıldı,,,,
near_miss_pair,event-cluster-transparent-v1:3634,event-cluster-transparent-v1:3661,0.625,nearest neighbour in market_recap on 2026-07-13 at Jaccard 0.62; did not merge,1,1,aa_ekonomi,market_recap,,,2026-07-13,"Toplam ciro endeksi mayısta yıllık bazda yüzde 32,9 arttı || Toplam ciro endeksi mayısta arttı",,,,
near_miss_pair,event-cluster-transparent-v1:2882,event-cluster-transparent-v1:2792,0.625,nearest neighbour in global_risk on 2026-06-29 at Jaccard 0.62; did not merge,1,1,haberturk_ekonomi,global_risk,,,2026-06-29,Küresel ölçekte iş gücünü azaltma eğilimi sürüyor || Küresel ölçekte iş gücünü azaltma eğilimi devam ediyor,,,,
near_miss_pair,event-cluster-transparent-v1:1645,event-cluster-transparent-v1:1375,0.6,nearest neighbour in market_recap on 2026-06-09 at Jaccard 0.60; did not merge,1,1,aa_ekonomi,market_recap,,,2026-06-09,Borsa güne yükselişle başladı || Borsa güne düşüşle başladı,,,,
